feature_id,edition,area,feature,role,user_story,expected_behavior,entry_points,code_evidence,test_evidence,feature_status,test_status,error_status,fix_status,retest_status,priority,notes,last_reviewed
PUBLIC-001,saas,Public web,Marketing home,Visitor,As a visitor I want to understand FoxDesk Cloud and reach signup or login quickly.,foxdesk.net shows the SaaS marketing page only; app-only routes redirect to app.foxdesk.net and the page keeps pricing/CTA/legal links public.,pages/cloud.php; index.php?page=cloud,pages/cloud.php; index.php host routing,tests/e2e/06-public-cloud.spec.js; tests/smoke/production-smoke.js,retested_pass,retested_pass,,,"Retested by public Cloud Playwright E2E for marketing copy, pricing separation, previews, and mobile overflow.",P1,"Public SaaS web only, not self-hosted app UI.",2026-06-22
PUBLIC-002,saas,Public web,Pricing CTA,Visitor,As a visitor I want one clear plan and a direct way to start a trial.,"Pricing CTA opens email-only signup, does not force Stripe before trial, and uses customer-facing copy only.",pages/cloud.php#pricing; pages/signup.php,pages/cloud.php; pages/signup.php,tests/e2e/06-public-cloud.spec.js; tests/signup-email-only-contract-test.php,retested_pass,retested_pass,,,"Retested by public Cloud Playwright E2E and email-only signup contract.",P1,"Stripe checkout belongs inside trial workspace billing, not the initial CTA.",2026-06-22
LEGAL-001,saas,Legal,Legal pages,Visitor,"As a visitor I want Terms, Privacy, DPA, Refund and Security documents available before signup.",Legal pages render public customer-facing legal copy without internal implementation details and remain linked from signup/public web.,pages/legal.php; pages/signup.php legal links; pages/cloud.php footer,pages/legal.php,tests/legal-copy-contract-test.php; tests/source-language-product-copy-contract-test.php,retested_pass,retested_pass,,,"Retested by legal copy contract and source-language/product-copy contract.",P1,Subprocessors must not be marketed as a normal public nav item unless required by legal flow.,2026-06-22
SIGNUP-001,saas,Signup,Email-only signup request,Visitor,As a visitor I want to start a 14-day trial by entering only my email.,"Signup form contains one email field, Turnstile, CSRF and legal text; POST creates a hashed magic-link token and shows a neutral Check your email state.",pages/signup.php POST,pages/signup.php; includes/signup-functions.php; includes/schema.sql,tests/signup-email-only-contract-test.php; tests/public-form-hardening-contract-test.php; tests/e2e/05-saas-control-plane.spec.js; npm run local:smoke,retested_pass,retested_pass,,"Implemented email-only request flow with hashed magic-link token, resend invalidation and no password/workspace fields.","Retested by signup contract, public form hardening, local smoke and real browser POST E2E.",P0,No workspace/name/password fields before email verification.,2026-06-22
SIGNUP-002,saas,Signup,Magic-link completion,Trial owner,As a verified email owner I want the link to create my workspace and sign me in.,"GET signup token validates hash, expiry and consumed state, provisions tenant/admin/default organization/trial, signs user in, redirects to Work and shows first-run setup steps.",pages/signup.php?token=...,includes/signup-functions.php; includes/tenant-functions.php; includes/auth.php; pages/work.php,tests/signup-email-only-contract-test.php; tests/e2e/05-saas-control-plane.spec.js,retested_pass,retested_pass,,"Implemented verified provisioning, atomic token claim before workspace creation, hidden random password, session login and first-run Work onboarding.","Retested by targeted Playwright signup E2E covering POST, hash-only token storage, resend invalidation and verified workspace creation.",P0,Plaintext token is never stored; existing users do not get duplicate workspaces.,2026-06-22
AUTH-001,shared,Authentication,Login and logout,User,As a user I want a secure sign-in and sign-out flow for my workspace.,"Login verifies password, sets tenant-aware session, supports remember-me safely and logout clears session state.",pages/login.php; pages/logout.php,includes/auth.php; pages/login.php,tests/e2e/01-core.spec.js; tests/home-redirect-contract-test.php,retested_pass,retested_pass,,,"Retested by home redirect contract and full core Playwright login/logout workflow.",P0,Magic-link signup uses login_user_session after email verification.,2026-06-22
AUTH-002,shared,Authentication,Password reset,User,As a user I want to recover access when I forgot my password.,"Forgot/reset pages require Turnstile, send a time-limited reset token, validate token hash and update password securely.",pages/forgot-password.php; pages/reset-password.php,pages/forgot-password.php; pages/reset-password.php; includes/auth.php; includes/mailer.php,tests/public-form-hardening-contract-test.php; tests/e2e/01-core.spec.js,retested_pass,retested_pass,,,"Retested by public form hardening contract and core Playwright profile/password setup coverage.",P0,Existing signup email requests route here instead of creating another tenant.,2026-06-22
HOST-001,saas,Host separation,Public/app/platform host routing,Visitor/User/Operator,As any user I want each domain to show the correct product surface.,"foxdesk.net serves public site, app.foxdesk.net serves customer workspaces, platform.foxdesk.net serves platform admin only, with redirects preventing context confusion.",foxdesk.net; app.foxdesk.net; platform.foxdesk.net,index.php; includes/tenant-functions.php,tests/platform-workspace-host-contract-test.php; tests/home-redirect-contract-test.php,retested_pass,retested_pass,,,"Retested by platform/workspace host contract and home redirect contract.",P0,Critical to avoid mixing SaaS admin and workspace admin.,2026-06-22
WORK-001,shared,Work,Daily work queues,Agent,As an agent I want one home screen showing the work that needs attention now.,"Work displays mine, unassigned, overdue, waiting and done_today queues from shared modules and links to the matching ticket view.",pages/work.php,pages/work.php; includes/modules/work/work-queues.php,tests/work-queues-test.php; tests/work-page-contract-test.php,retested_pass,retested_pass,,,"Retested by work queue contracts, Work page contract, and full core Playwright workflow.",P0,Intake queue details should not create a second confusing agenda.,2026-06-22
INBOX-001,shared,Inbox,Intake triage,Agent,As an agent I want new intake work to appear inside Work without learning a second agenda.,Inbox remains a compatibility route that redirects legacy triage links into Work queues; it is not exposed in sidebar or command palette.,pages/inbox.php; pages/work.php,pages/inbox.php; includes/modules/inbox/inbox-service.php; includes/modules/work/work-queues.php,tests/inbox-service-test.php; tests/inbox-page-contract-test.php; tests/core-ux-flow-parity-contract-test.php,retested_pass,retested_pass,,Resolved by keeping Inbox as a legacy redirect into Work and removing it from primary navigation.,Retested by inbox and core UX flow contracts.,P1,Product risk reduced: intake concepts stay in Work instead of creating a parallel agenda.,2026-06-21
DASH-001,legacy,Dashboard,Analytics dashboard,Admin/Agent,"As a returning user I may want analytics, but daily work should start from Work.","Dashboard remains a compatibility analytics view, is removed from primary sidebar navigation, and is reachable as Analytics from Work/command palette.",pages/dashboard.php; pages/work.php,pages/dashboard.php; pages/work.php; includes/dashboard-functions.php; includes/modules/app/dashboard-compat.php,tests/dashboard-compat-contract-test.php; tests/dashboard-surface-contract-test.php; tests/core-ux-flow-parity-contract-test.php; tests/work-page-contract-test.php,retested_pass,retested_pass,,Resolved by moving Dashboard out of primary navigation and relabeling the route as Analytics where users choose it.,Retested by core UX flow and Work contracts.,P2,Legacy analytics surface remains available without competing with Work as home.,2026-06-21
TICKET-001,shared,Tickets,Ticket registry views,Agent,"As an agent I want open, waiting, done, archive and all ticket views that never hide completed work from search.",Tickets list uses shared views and filters; Done/closed tickets remain visible in Done and All.,pages/tickets.php,pages/tickets.php; includes/modules/tickets/ticket-list-views.php; includes/modules/tickets/ticket-list-filters.php,tests/ticket-list-views-test.php; tests/ticket-list-filter-contract-test.php,retested_pass,retested_pass,"Tickets page did not explicitly own the shared closed-ticket visibility decision, so Done/All visibility could drift away from the helper contract.","Added explicit closed visibility calculation in pages/tickets.php, passed it into the registry split model, and updated the row view-model contract for the new boundary.","Retested by ticket-list views, ticket-row view-model, ticket-list filters, global search contracts, and full core Playwright workflow.",P0,Regression target from previous closed-ticket visibility bug.,2026-06-22
TICKET-002,shared,Tickets,New ticket,Agent/Admin,As an agent I want to create a ticket without accidental client assignment.,New ticket requires explicit or deterministic assignment; if agent/company is unclear the field stays empty and no random company is selected.,pages/new-ticket.php; api quick-create-ticket,pages/new-ticket.php; includes/components/ticket-form-handlers.php; includes/api/ticket-handler.php,tests/core-ux-flow-parity-contract-test.php; tests/e2e/01-core.spec.js,retested_pass,retested_pass,,,"Retested by core UX flow contract and Playwright regression that creates tickets without carrying over previous company or assignee selection.",P0,Regression target from random company fallback issue.,2026-06-22
TICKET-003,shared,Tickets,Ticket detail read model,Agent/Client,"As a user I want ticket detail to show title, status, client, assignee, activity and allowed actions consistently.",Ticket detail context comes from shared read-model modules; layout prevents broken headings and shows correct actions by state and permission.,pages/ticket-detail.php,pages/ticket-detail.php; includes/modules/tickets/ticket-detail-context.php; includes/modules/tickets/ticket-detail-read-model.php,tests/ticket-detail-context-contract-test.php; tests/ticket-detail-surface-contract-test.php; tests/ticket-sidebar-surface-contract-test.php,retested_pass,retested_pass,Ticket detail surface contract found generated muted metadata using the generic theme muted utility instead of the ticket-detail-muted surface class.,"Changed ticket detail metadata/history muted text to ticket-detail-muted and kept the shared read-model/surface contracts green.","Retested by ticket detail context, surface, sidebar, composer contracts, and full core Playwright workflow.",P0,Needs ongoing visual smoke for long titles and right sidebar consistency.,2026-06-22
TICKET-004,shared,Tickets,Reply and comments,Agent/Client,As a user I want to reply publicly or internally and preserve readable formatting.,"Composer supports public/internal replies, attachments, status update on submit, email notification policy and formatted content.",pages/ticket-detail.php composer,includes/components/ticket-detail-composer.php; includes/api/ticket-handler.php; includes/modules/email/email-renderer.php,tests/ticket-composer-surface-contract-test.php; tests/email-format-test.php; tests/email-policy,retested_pass,retested_pass,,,"Retested by ticket composer surface contract, notification policy contract, email notification contract, email formatting contract, pseudo-cron email contract, and core Playwright workflow.",P0,Email body formatting and notification duplication remain high-risk areas for runtime testing.,2026-06-22
TICKET-005,shared,Tickets,Ticket workflow actions,Agent,"As an agent I want Start work, Pause, Complete and Edit to do exactly what the label says.",Start work starts timer; pause pauses timer; complete moves ticket to a done status without cancelling it and should stop or resolve active timer behavior predictably.,ticket detail action buttons; api timer/status endpoints,includes/modules/tickets/ticket-detail-actions.php; includes/api/ticket-handler.php; includes/ticket-time-functions.php,tests/ticket-detail-actions-test.php; tests/core-ux-flow-parity-contract-test.php,retested_pass,retested_pass,Reported workflow failure: Complete had no useful tooltip and could leave a running timer active after completion.,"Fixed: active timer changes Complete label to Complete & stop timer, sends stop_timer_on_complete, and handler explicitly stops the timer.",Retested: ticket-detail-actions contract and local smoke passed.,P0,Keep this in E2E runtime queue for browser verification on a real active timer.,2026-06-21
TICKET-006,shared,Time tracking,Timers and manual time,Agent/Admin,As an agent I want to track time on tickets and as admin I want that time to feed reports.,"Timer endpoints start/pause/resume/stop/discard; manual time entries can be added, edited and deleted within permissions.",ticket detail timer; api start-timer/pause/resume/stop/quick-log-time,includes/ticket-time-functions.php; includes/api/ticket-handler.php; pages/admin/reports.php; assets/js/report-billing-review.js,tests/ticket-detail-actions-test.php; tests/reporting-flow-contract-test.php; tests/e2e/01-core.spec.js,retested_pass,retested_pass,Report item billing adjustment controls were trapped in the horizontally scrolled amount column and could be unreachable in browser tests.,"Moved item-level adjustment controls into a full-width row below each billable entry, updated live total JS to resolve forms by entry id, and added E2E for complete active timer.","Retested: active timer complete E2E, report item/bulk adjustment E2E, and report module contracts passed.",P0,Keep full attachment/report export flows in the next runtime pass.,2026-06-21
TICKET-007,shared + edition overlay,Attachments,Ticket attachments,Agent/Client,"As a user I want to upload, preview, download and delete allowed ticket attachments.","Upload enforces permissions and size, attaches files to ticket comments or records, and storage backend follows edition rules.",ticket detail attachments; api upload; attachment.php; image.php; delete-attachment API,includes/api/upload-handler.php; includes/upload-functions.php; includes/storage-functions.php; attachment.php; image.php; includes/components/ticket-detail-sidebar.php; assets/js/ticket-detail.js,tests/r2-storage-contract-test.php; tests/e2e/01-core.spec.js; tests/security-boundary-contract-test.php; tests/ticket-sidebar-surface-contract-test.php; tests/ticket-detail-js-contract-test.php,retested_pass,retested_pass,Attachment flow only had browser proof for upload/download; delete was indirect through deleting a comment and image preview was not covered by E2E.,"Added explicit delete-attachment API, attachment delete permission helper, sidebar delete action, JS handler, and E2E image preview/delete coverage.","Retested: upload two files, download text attachment, open image preview lightbox, delete attachment, assert DB row removed; JS/sidebar/security contracts passed.",P0,External R2 smoke remains tracked separately in STORAGE-001.,2026-06-21
TICKET-008,shared,Tickets,Tags,Agent,As an agent I want tags to classify and filter tickets consistently.,Tag API lists and updates ticket tags with normalized shared helper behavior and permission checks.,ticket detail/ticket list tags; api get-tags/update-tags,includes/api/ticket-handler.php; includes/ticket-crud-functions.php; includes/modules/tickets/ticket-list-filters.php,tests/ticket-tags-contract-test.php; tests/e2e/01-core.spec.js,retested_pass,retested_pass,,Fixed tag autocomplete to use the shared normalizer and added targeted tag coverage.,Retested by tag contract and Playwright tag update/filter E2E.,P2,"Covers normalized create/update suggestions, permission/CSRF contract and ticket list filtering.",2026-06-21
SEARCH-001,shared,Search,Global search,User,"As a user I want search to find open and completed tickets, clients and relevant records from anywhere.",Global search groups results by type/status and does not limit results to the current agenda.,top search; api global-search; api search-tickets,includes/modules/search/global-search.php; includes/api/router.php; includes/api/ticket-handler.php,tests/global-search-test.php; tests/global-search-api-contract-test.php; tests/global-search-ui-contract-test.php,retested_pass,retested_pass,,,"Retested by global search unit, API, UI contracts and full core Playwright workflow.",P0,Regression target from search only showing current/open agenda.,2026-06-22
CLIENT-001,shared,Clients,Client center,Agent/Admin,"As an agent I want one client profile with contacts, active/done tickets, time and billing context.","Client detail reads shared overview stats, contacts, recent work, time this month, billable summary and rates.",pages/client.php; pages/admin/clients.php,pages/client.php; includes/modules/clients/client-overview.php,tests/client-overview-contract-test.php; tests/e2e/01-core.spec.js,retested_pass,retested_pass,,,"Retested by client overview contract and full core Playwright workflow including client-specific billable rate setup.",P0,"Client should be the center of context, not just a company table.",2026-06-22
ORG-001,shared,Clients,Companies and memberships,Admin,As an admin I want to manage companies and their user memberships safely.,Organization admin surfaces create/update/archive companies and APIs add/remove members with permission and tenant boundaries.,pages/admin/organizations.php; api org-add-user/org-remove-user,pages/admin/organizations.php; includes/api/user-handler.php,tests/security-boundary-contract-test.php; tests/e2e/04-permissions.spec.js,retested_pass,retested_pass,,,"Retested by SaaS security boundary contract and permissions Playwright suite.",P1,Naming should present Companies/Clients consistently in source language and translations.,2026-06-22
TEAM-001,shared,Team,Users and roles,Admin,"As an admin I want to manage staff/client users, roles, permissions, 2FA and status.","Users admin supports CRUD, role/permission changes, impersonation guardrails and archived-user safety.",pages/admin/users.php,pages/admin/users.php; includes/modules/team/team-users.php; includes/auth.php,tests/team-users-contract-test.php; tests/e2e/02-admin-security.spec.js; tests/e2e/04-permissions.spec.js,retested_pass,retested_pass,,,"Retested by team users contract, admin/security Playwright suite, and permissions Playwright suite.",P0,Permissions must match permission map and tenant/org scope.,2026-06-22
TEAM-002,shared,Team,AI agents and API tokens,Admin,As an admin I want to create AI agent identities and scoped tokens in one obvious flow.,"AI agent creation/editing exposes token creation, revocation and scopes near the agent, using the creator's permissions and clear copy.",pages/admin/users.php?tab=ai_agents; pages/admin/agent-connect.php,pages/admin/users.php; pages/admin/agent-connect.php; includes/api/agent-handler.php,tests/agent-api-control-contract-test.php; tests/agent-api-quickstart-contract-test.php; tests/team-users-contract-test.php,retested_pass,retested_pass,Reported UX failure: token permissions are not editable during token creation/editing in an intuitive place.,"Fixed: Agent Connect now shows token action scopes before token generation, persists selected scopes, and reads active token scopes instead of silently using hardcoded defaults.","Retested: team module contract, agent API contracts, admin UI contract, PHP lint, and local smoke passed.",P0,Keep live browser UX pass for the wider AI-agent settings surface under VISUAL-001.,2026-06-21
AGENT-001,shared,Agent API,Scoped assistant API,API client,"As a trusted assistant I want to create tickets, add time, comment and build reports only within granted permissions.","Bearer token auth maps to the token owner, enforces action scopes, rate limits, tenant/org scope and audit trail for agent endpoints.",api agent-* endpoints,includes/api/router.php; includes/api/agent-handler.php; docs/AGENT_API_CONTROL.md,tests/agent-api-control-contract-test.php; tests/agent-mcp-wrapper-contract-test.php; tests/agent-prod-smoke-contract-test.php,retested_pass,retested_pass,,,"Retested by agent API control, quickstart, MCP wrapper, production-smoke contract, and MCP smoke.",P0,Needed for Codex/Claude style assistant operation.,2026-06-22
APP-001,shared,App contract,Web/native app contract endpoints,Native app,"As a native app client I need stable endpoints for shell, home, tickets, detail, comments, timers, reports and notifications.",app-* endpoints return tenant-aware JSON contracts without relying on web-page HTML and stay source-language stable.,api app-* endpoints,includes/api/app-handler.php; includes/modules/app/app-contract.php,tests/app-contract-api-test.php; tests/app-home-contract-test.php; tests/native-app-api-freeze-contract-test.php,retested_pass,retested_pass,,,"Retested by app contract API, app home contract, and native API freeze contract.",P0,Foundation for future iOS/Android native apps.,2026-06-22
MOBILE-001,shared,Mobile API,Mobile authentication and devices,Mobile user,"As a mobile user I want secure login, refresh, 2FA and push device registration.","Mobile endpoints support login, optional 2FA, refresh/logout, current user, register/unregister device and push subscription state.",api mobile-* endpoints,includes/api/mobile-handler.php; includes/api/push-handler.php,tests/mobile-api-contract-test.php; tests/native-app-api-freeze-contract-test.php,retested_pass,retested_pass,,,"Retested by mobile API contract and native API freeze contract.",P1,Native app work should build on this API rather than scraping web UI.,2026-06-22
REPORT-001,shared,Reports,Report filters and query,Admin,As an admin I want to choose client and period and see all billable items for review.,Report query/filer modules return all matching time entries/items for the selected client/period without hiding items.,pages/admin/reports.php,includes/modules/reports/report-filters.php; includes/modules/reports/report-query.php; includes/modules/reports/reporting-flow.php,tests/report-filter-contract-test.php; tests/reporting-flow-contract-test.php,retested_pass,retested_pass,,,"Retested by report filter and reporting flow contracts plus core Playwright report workflow.",P0,Regression target from missing detailed monthly client items.,2026-06-22
REPORT-002,shared,Reports,Line item adjustments and live totals,Admin,"As an admin I want to edit each report line item rate, discount or amount before invoicing.",Each line item supports rate/discount overrides and totals recalculate live after every edit.,pages/admin/reports.php billing review,includes/modules/reports/billing-review.php; includes/modules/reports/report-adjustments.php; includes/modules/reports/report-totals.php,tests/billing-review-test.php; tests/report-adjustment-contract-test.php; tests/report-billing-review-js-contract-test.php,retested_pass,retested_pass,,,"Retested by billing review, report adjustment, report totals/export contracts, report billing-review JS contract, and core Playwright bulk adjustment workflow.",P0,"Must support per-item changes, not only bulk adjustments.",2026-06-22
REPORT-003,shared,Reports,Report share and export,Admin/Client,As an admin I want to share or export a reviewed client report safely.,"Share/export happens after review, uses scoped public tokens/themes and protects tenant/client data.",pages/report-share.php; pages/report-public.php; pages/report-theme.php,includes/modules/reports/report-export.php; includes/report-functions.php; pages/report-public.php,tests/report-export-contract-test.php; tests/e2e/03-update-report.spec.js,retested_pass,retested_pass,,,"Retested by report export contract and self-hosted update/report Playwright suite for public report token and expiry.",P1,Public report link expiry and theme should be included in runtime testing.,2026-06-22
RATE-001,shared,Reports,Agent/client rates,Admin,"As an admin I want different hourly rates by agent, client and ticket/item override.","Rate resolution supports default agent rate, client-specific agent rate, ticket-specific override and final item-level override.",reports billing review; client/admin rate settings,includes/modules/reports/reporting-flow.php; includes/modules/reports/billing-review.php,tests/report-rate-parity-contract-test.php,retested_pass,retested_pass,,,"Retested by report rate parity contract and core Playwright workflow that sets a per-agent client billable rate.",P0,Required by user billing workflow.,2026-06-22
BILLING-001,saas,Billing,Workspace billing page,Workspace admin,As a workspace admin I want to see trial/paid/free/past-due state and the next clear action.,"Billing page shows only workspace billing actions, hides platform-only controls, and uses clear customer-facing state text.",pages/billing.php,pages/billing.php; includes/billing-functions.php,tests/billing-lifecycle-contract-test.php; tests/billing-usage-counters-contract-test.php,retested_pass,retested_pass,,,"Retested by billing lifecycle contract and billing usage counters contract.",P0,No confusing internal restricted/activate copy for active/free tenants.,2026-06-22
BILLING-002,saas,Billing,"Stripe checkout, portal, tax and VAT",Workspace admin,"As a workspace admin I want to add billing details, VAT ID and manage subscription securely.","Stripe checkout/portal/webhook support trial conversion, VAT/tax, cancellation, failed payment recovery and usage/state updates.",pages/stripe-webhook.php; pages/billing.php; Stripe portal,includes/billing-functions.php; pages/stripe-webhook.php; docs/STRIPE_BILLING.md; bin/test-stripe-billing-flow.php,tests/stripe-beta-configurator.test.js; tests/billing-lifecycle-contract-test.php; tests/stripe-billing-flow-smoke-contract-test.php; production bin/test-stripe-billing-flow.php --json,testing,needs_external_smoke,"Production live validation originally failed on idempotent already_reported usage; fixed validate-stripe-usage.php so already_reported is accepted as a valid live validation result.","Added and deployed production-safe Stripe billing smoke that creates a temporary tenant/customer, opens Checkout, verifies automatic tax, VAT ID collection, base/storage line items, success/cancel return URLs and Customer Portal host, then expires Checkout and deletes the temporary customer/tenant.","Production live smoke passed: key_mode=live, checkout_host=checkout.stripe.com, portal_host=billing.stripe.com, automatic_tax/tax_id_collection/base price/storage price checks true, checkout expired, Stripe customer deleted, DB cleaned. Still needs intentional full checkout completion with card, webhook processing, VAT ID entry/reverse-charge behavior, cancellation, failed-payment and recovery path before marking BILLING-002 retested_pass.",P0,Do not create duplicate live checkout sessions for an active paid workspace without a controlled test tenant/card scenario.,2026-06-22
PLATFORM-001,saas,Platform,Operator console,Platform admin,As Aenze platform admin I want a separate console for all tenants and lifecycle state.,"Platform console is host-separated, compact, platform-admin-only and never shown to normal workspace admins.",platform.foxdesk.net; pages/platform.php,pages/platform.php; includes/modules/platform/operator-console.php; index.php host routing,tests/platform-operator-detail-contract-test.php; tests/operator-audit-contract-test.php; tests/platform-workspace-host-contract-test.php,retested_pass,retested_pass,,,"Retested by platform operator detail contract, operator audit contract, and platform/workspace host contract.",P0,Must remain visually and functionally separate from customer workspace.,2026-06-22
PLATFORM-002,saas,Platform,Tenant lifecycle and free override,Platform admin,"As Aenze platform admin I want to activate, suspend, set free override and inspect billing/migration state.",Tenant detail shows lifecycle actions appropriate to current state and never offers nonsensical duplicate actions.,pages/platform.php tenant detail,includes/modules/platform/operator-console.php; includes/billing-functions.php; pages/platform.php,tests/platform-operator-detail-contract-test.php; tests/billing-lifecycle-contract-test.php; tests/operator-audit-contract-test.php; tests/e2e/05-saas-control-plane.spec.js,retested_pass,retested_pass,"Platform catalog/detail rendered lifecycle buttons from hardcoded status checks, so active/free states could still show duplicate Free access or trial actions.",Platform action rendering now uses billing_tenant_lifecycle_state platform_buttons; manual/free tenants only show valid operator actions and active paid tenants do not show trial/reactivate actions.,"Retested: free override E2E, trial lifecycle E2E, billing lifecycle contract, operator detail contract, and operator audit contract passed.",P0,External Stripe checkout/portal smoke remains tracked separately in BILLING-002.,2026-06-21
MIGRATION-001,saas + self-hosted,Migration,Self-hosted to SaaS sync bridge,Admin/Operator,As an admin I want to sync my self-hosted FoxDesk to SaaS and then cut over to one running instance.,"Migration connect/plan/status/push endpoints sync users, clients, tickets, comments, time entries, reports and evidence without duplicates.",api migration-*; self-hosted migration export/source,includes/api/migration-handler.php; includes/migration-functions.php; docs/SELF_HOSTED_TO_SAAS_MIGRATION.md,tests/migration-bridge-contract-test.php; tests/cloud-migration-bridge-contract-test.php; tests/cutover-preflight.test.js,retested_pass,retested_pass,,,"Retested by SaaS migration bridge contract, cloud migration bridge contract, cutover preflight test, and migration ZIP security E2E.",P0,ZIP import remains fallback; API sync is target flow.,2026-06-22
MIGRATION-002,saas + self-hosted,Migration,Attachment sync and cutover,Admin/Operator,As an admin I want attachments synced with evidence and self-hosted disabled after cutover.,"Attachment sync uses tenant-prefixed SaaS keys, counts bytes/files, avoids duplicate imports and final cutover disables old ingest/notifications.",api migration-push-attachment; cutover tools,includes/api/migration-handler.php; includes/storage-functions.php; bin/cutover-*,tests/cutover-gate.js; tests/cutover-postcheck.test.js; tests/cutover-evidence-verifier.test.js; tests/e2e/05-saas-control-plane.spec.js,retested_pass,retested_pass,Attachment upload bridge had only static contracts and no runtime proof of attachment evidence or duplicate prevention.,Added Playwright runtime coverage for bearer-token migration attachment upload source-to-target ticket remapping connection evidence and idempotent repeat upload.,Retested by SaaS control-plane E2E posting multipart attachment through migration-push-attachment and checking attachment row object map checksum byte counters and second-run no duplicate behavior.,P0,Production cutover still requires operator evidence from cutover gate/preflight/postcheck before DNS or self-hosted ingest changes.,2026-06-22
EMAIL-001,shared + edition overlay,Email,Outbound notification policy,User,"As a user I want useful emails, not three emails for one action.","Notification policy deduplicates user actions so one action produces at most one meaningful email, with consistent templates and readable formatting.",ticket actions; signup/reset/billing emails,includes/mailer.php; includes/modules/notifications/notification-policy.php; includes/modules/email/email-renderer.php,tests/notification-policy-test.php; tests/email-notification-contract-test.php; tests/email-format-test.php; tests/email-voice-contract-test.php,retested_pass,retested_pass,Reported product failure: creating and assigning a ticket to yourself can send multiple redundant emails with inconsistent formatting.,"Verified: policy suppresses staff requester confirmations and self-assignment, collapses created+assigned events, and ticket emails use the shared HTML renderer.","Retested: notification policy, email notification contract, email formatting, and email voice contracts passed.",P0,"If production still sends duplicate emails, verify deployed self-hosted version and email template overrides against this code path.",2026-06-21
EMAIL-002,saas,Email,Cloudflare inbound email routing,Customer/Agent,As a customer I want replies sent to support email to become ticket replies in the right workspace.,"Cloudflare inbound route authenticates expected webhook, maps address/tenant/thread, creates or updates ticket and stores formatted content.",cf-email-ingest; Cloudflare Email Routing,includes/api/cloudflare-email-handler.php; includes/email-routing-functions.php,tests/email-routing-plus-address-contract-test.php; tests/email-format-test.php,retested_pass,retested_pass,"Earlier local env was SMTP-only, but production now has Cloudflare provider/account/token/from/reply-to configured.","Verified on production: outbound signup/reset/new-ticket/ticket-reply/billing messages sent to lh@aenze.com through direct Cloudflare; inbound archive smoke created a temporary ticket reply, ingested the attachment, wrote raw email and attachment keys to R2, and cleaned DB.","Retested by production Cloudflare outbound smoke and bin/test-cloudflare-inbound-archive.php --json --timeout=120.",P0,"Production inbound evidence: ticket reply address tickets+tk-718-...@foxdesk.net, raw/attachment archived under foxdesk-email-archive, DB cleaned.",2026-06-22
EMAIL-003,self-hosted,Email,IMAP ingest and pseudo-cron fallback,Admin,As a self-hosted admin I want inbound email fetched automatically even without server cron.,IMAP ingest runs by CLI cron or pseudo-cron at configured interval; manual test remains diagnostics only.,bin/ingest-emails.php; includes/pseudo-cron.php,includes/email-ingest-functions.php; includes/pseudo-cron.php; bin/ingest-emails.php,tests/pseudo-cron-email-test.php; tests/email-format-test.php,retested_pass,retested_pass,,,"Retested by pseudo-cron email contract and email formatting contract.",P0,Self-hosted-only operating mode; SaaS should use Cloudflare inbound.,2026-06-22
NOTIF-001,shared,Notifications,Notification center,User,As a user I want a bell summary and a full notification page without duplicate navigation.,Bell shows unread count and links to all notifications; left nav should avoid duplicating the same destination if design requires simplification.,top notification bell; pages/notifications.php,pages/notifications.php; includes/api/notification-handler.php,tests/admin-ui-contract-test.php; tests/app-shell-visual-contract-test.php; tests/email-notification-contract-test.php,retested_pass,retested_pass,Reported UX failure: notifications were duplicated in left navigation even though they are also reachable from the top bell.,"Fixed: removed Notifications from left sidebar, removed sidebar notification badge target, and added View all link in notification panel.","Retested: admin-ui contract, app-shell visual contract, and local smoke passed.",P1,Notification page remains reachable from the top bell panel and direct URL.,2026-06-21
SETTINGS-001,shared,Settings,General settings,Admin,"As an admin I want to set app name, language, ticket prefix and basic preferences.",Settings general section saves validated values and keeps helper copy minimal and customer-facing.,pages/admin/settings.php?tab=general,pages/admin/settings.php; includes/modules/settings/settings-actions.php; includes/modules/settings/settings-view-model.php,tests/settings-action-contract-test.php; tests/settings-render-contract-test.php,retested_pass,retested_pass,,,"Retested by settings action contract, settings render contract, admin UI contract, and admin/security Playwright settings layout check.",P1,Avoid duplicate admin nav levels and excessive explanatory copy.,2026-06-22
SETTINGS-002,shared + edition overlay,Settings,Email settings,Admin,As an admin I want to configure outbound/inbound email according to edition.,Email settings validate SMTP/Cloudflare/IMAP fields by edition and provide test actions without exposing irrelevant controls.,pages/admin/settings.php email tab; api test-smtp,includes/modules/settings/settings-email.php; includes/api/smtp-handler.php,tests/settings-email-contract-test.php; tests/email-policy,retested_pass,retested_pass,,,"Retested by settings email contract and email policy contracts.",P0,SaaS managed email should not show self-hosted-only IMAP setup as normal flow.,2026-06-22
SETTINGS-003,shared,Settings,Email templates,Admin,As an admin I want to edit notification templates safely.,"Template settings expose supported template types, preserve required variables and avoid breaking transactional emails.",pages/admin/settings.php templates tab,includes/modules/settings/settings-templates.php; includes/modules/settings/settings-actions.php; includes/mailer.php,tests/settings-email-template-contract-test.php; tests/settings-render-contract-test.php; tests/email-voice-contract-test.php,retested_pass,retested_pass,,"Added template validation for allowed keys/languages, required subject/body, unknown placeholders and required variables.",Retested by settings email template contract and existing settings module contracts.,P2,UI now marks required variables before save; invalid template saves show a clear error instead of silently passing.,2026-06-21
SETTINGS-004,shared,Settings,Workflow settings,Admin,"As an admin I want to configure statuses, priorities and ticket types without leaving settings context.",Workflow settings link/render workflow CRUD modules consistently and avoid parallel competing menus.,pages/admin/settings.php workflow tab; workflow admin pages,includes/modules/settings/settings-workflow.php; pages/admin/statuses.php; pages/admin/priorities.php; pages/admin/ticket-types.php,tests/workflow-crud-contract-test.php; tests/admin-ui-contract-test.php,retested_pass,retested_pass,"Observed visual failure: admin settings could show two parallel navigation bars, making hierarchy unclear.",Fixed: settings page contract keeps global admin-page-nav off the settings surface and preserves only local settings tabs there.,"Retested: admin-ui contract, app-shell visual contract, and local smoke passed.",P1,Keep broader admin visual audit under VISUAL-001.,2026-06-21
SETTINGS-005,shared,Settings,Security and 2FA,Admin/User,As an admin I want security controls and as a user I want 2FA/profile state enforced clearly.,"Security settings manage role requirements, sessions/security log where applicable and enforce profile setup when role requires 2FA.",pages/admin/settings.php security tab; pages/profile.php,includes/modules/settings/settings-security.php; includes/totp.php; includes/auth.php,tests/security-debt-contract-test.php; tests/e2e/02-admin-security.spec.js,retested_pass,retested_pass,"Admin security E2E still expected the old admin-page-nav on Settings, which contradicted the single-navigation rule and produced a false failure.","Updated admin/security E2E to assert Settings has admin-tabs and no parallel admin-page-nav, while other admin sections keep the compact admin-page-nav.","Retested by security debt contract, admin UI contract, and admin/security Playwright suite.",P0,Security-sensitive; should remain tested after UI refactors.,2026-06-22
SETTINGS-006,self-hosted + local compatibility,Settings,Updates and logs,Admin,"As a self-hosted admin I want update checks, logs and backups; as SaaS user I should not manage hosted deployment.",Self-hosted exposes update/backup/log operations; SaaS hides ZIP update/export as normal workspace agenda.,settings system/logs tabs; api update check,includes/modules/settings/settings-updates.php; includes/update-functions.php; includes/update-check-functions.php,tests/settings-update-contract-test.php; tests/e2e/03-update-report.spec.js,retested_pass,retested_pass,,,"Retested by settings update contract and self-hosted update/report Playwright suite.",P1,Edition split must keep SaaS deploy centralized.,2026-06-22
WORKFLOW-001,shared,Workflow admin,Statuses CRUD and ordering,Admin,As an admin I want custom statuses mapped into simple user-facing groups.,"Status CRUD/reorder works, maps statuses to New/In progress/Waiting/Done groups and preserves Complete semantics.",pages/admin/statuses.php; api reorder-statuses,pages/admin/statuses.php; pages/admin/statuses-content.php; includes/api/reorder-handler.php; includes/modules/tickets/ticket-status-groups.php,tests/workflow-crud-contract-test.php; tests/shared-workflow-contract-test.php,retested_pass,retested_pass,,,"Retested by workflow CRUD contract and shared workflow contract.",P0,Complete must never become cancelled unless explicitly cancelled.,2026-06-22
WORKFLOW-002,shared,Workflow admin,Priorities CRUD and ordering,Admin,As an admin I want custom priorities ordered predictably.,Priority CRUD and reorder APIs save valid values and list them consistently in ticket creation/detail/list filters.,pages/admin/priorities.php; api reorder-priorities,pages/admin/priorities.php; pages/admin/priorities-content.php; includes/api/reorder-handler.php,tests/workflow-crud-contract-test.php,retested_pass,retested_pass,,,"Retested by workflow CRUD contract.",P2,Check visual consistency in admin tabs.,2026-06-22
WORKFLOW-003,shared,Workflow admin,Ticket types CRUD and ordering,Admin,As an admin I want ticket types to classify requests.,Ticket type CRUD/reorder saves valid active types and exposes them in new/edit/detail/report contexts.,pages/admin/ticket-types.php; api reorder-ticket-types,pages/admin/ticket-types.php; pages/admin/ticket-types-content.php; includes/api/reorder-handler.php,tests/workflow-crud-contract-test.php,retested_pass,retested_pass,,,"Retested by workflow CRUD contract.",P2,Can be simplified if too much admin surface for small customers.,2026-06-22
RECURRING-001,shared,Automation,Recurring tasks,Admin,As an admin I want recurring tickets/tasks generated reliably.,Recurring task admin defines schedules and background runner creates due work without duplicates.,pages/admin/recurring-tasks.php; bin/process-recurring-tasks.php,pages/admin/recurring-tasks.php; includes/recurring-task-functions.php; bin/process-recurring-tasks.php,tests/admin-ui-contract-test.php; tests/e2e/01-core.spec.js,retested_pass,retested_pass,Missing runtime proof for recurring duplicate prevention.,Added a real E2E runtime check for the CLI recurring runner and duplicate guard.,Retested by Playwright E2E running bin/process-recurring-tasks.php twice and verifying tickets plus run history.,P2,Browser test confirms a due task runs once until next_run_date is due again.,2026-06-22
STORAGE-001,saas,Storage,R2 attachment storage,Operator/User,As SaaS operator I want new attachments in R2 with safe tenant prefixes and verified download/preview/delete.,"R2 storage writes tenant-prefixed keys, returns controlled previews/downloads and supports backup evidence outside the app server.",upload/download/preview/delete attachments,includes/storage-functions.php; bin/test-r2-storage.php; docs/R2_STORAGE.md,tests/r2-storage-contract-test.php; bin/test-r2-storage.php,retested_pass,retested_pass,"Earlier local env used local storage, but production is now configured with STORAGE_DRIVER=r2 and bucket foxdesk-production.","Verified on production: bin/test-r2-storage.php wrote, read and deleted tenant-prefixed health/upload objects in Cloudflare R2.","Retested by production R2 smoke: driver=r2, bucket=foxdesk-production, tenant_prefixed=true, deleted=true, stored_object_deleted=true.",P0,Keep this smoke in the production deployment gate after storage-related changes.,2026-06-22
STORAGE-002,self-hosted,Storage,Local attachment storage,Admin/User,As self-hosted user I want existing local attachments to keep working and migrate safely later.,"Local storage remains backward compatible, enforces access checks and can be exported/synced to SaaS storage.",attachment.php; image.php; migration export/sync,includes/upload-functions.php; includes/storage-functions.php; includes/migration-functions.php,tests/security-boundary-contract-test.php; tests/migration-bridge-contract-test.php,retested_pass,retested_pass,,,"Retested by SaaS storage/migration contracts and self-hosted core Playwright upload/download attachment workflow.",P1,Edition overlay; avoid forcing R2 into public PHP version.,2026-06-22
HEALTH-001,shared,Operations,Health endpoint,Operator,As an operator I want a lightweight health endpoint for deployment checks.,Health endpoint returns a safe status without leaking secrets and works on public/app/platform hosts.,index.php?page=health,pages/health.php if present; includes/health-functions.php; index.php routing,tests/health-endpoint-contract-test.php; tests/smoke/production-smoke.js,retested_pass,retested_pass,,,"Retested by health endpoint contract.",P0,No auth required but output must be minimal.,2026-06-22
CRON-001,shared + edition overlay,Operations,Cron and background jobs,Operator/Admin,As an operator I want background tasks to run reliably in both hosted and self-hosted modes.,"Cron endpoint/CLI handles email ingest, recurring tasks, maintenance and usage/reporting; self-hosted pseudo-cron covers no-cron hosting.",pages/cron.php; bin/run-maintenance.php; pseudo-cron,pages/cron.php; includes/pseudo-cron.php; includes/cli-functions.php,tests/pseudo-cron-email-test.php; tests/health-endpoint-contract-test.php; tests/e2e/01-core.spec.js,retested_pass,retested_pass,Missing runtime proof that CLI maintenance and pseudo-cron endpoint process due work without duplicate reruns.,Added E2E runtime coverage for bin/run-maintenance.php JSON output and the protected cron endpoint interval guard.,Retested by Playwright E2E covering disabled IMAP state recurring generation token rejection lock release and no duplicate second run.,P1,External server cron scheduling still needs production monitor evidence after deploy.,2026-06-22
PUSH-001,shared,Notifications,Web push,User,As a user I want optional browser push notifications for important updates.,"Push endpoints expose VAPID key, subscribe/unsubscribe and notification delivery within permission and tenant scope.",api push-* endpoints,includes/api/push-handler.php; includes/web-push.php,tests/app-contract-api-test.php; tests/web-push-contract-test.php; tests/e2e/01-core.spec.js,retested_pass,retested_pass,"Web push subscription state lacked a focused tenant/runtime regression test, and unsubscribe returned a PDOStatement from a bool-typed helper.","Added tenant_id to push_subscriptions schema/runtime helper, tenant-scoped CRUD/API notification reads, a focused web-push contract, and fixed unsubscribe to return a real boolean.","Retested by web-push contract and targeted Playwright E2E covering VAPID key, subscribe, tenant-bound DB row, unread notification payload and unsubscribe cleanup.",P2,Browser push is optional; actual browser permission UX still depends on user/device support.,2026-06-22
PROFILE-001,shared,Profile,User profile and preferences,User,"As a user I want to manage my profile, password/preferences and 2FA state.","Profile page lets user update profile, password, language/preferences and 2FA according to policy.",pages/profile.php; pages/user-profile.php,pages/profile.php; pages/user-profile.php; includes/auth.php; includes/totp.php,tests/profile-password-setup-contract-test.php; tests/e2e/01-core.spec.js,retested_pass,retested_pass,"Email-only signup users receive a hidden random password, so requiring current password for every password path could strand them in profile settings.","Added and translated a profile password setup link that sends the standard reset email, hashes the token, logs security events, and keeps normal password change and 2FA flows intact.","Retested by profile password setup contract and targeted Playwright E2E covering profile details, notification preferences, setup-link token generation and 2FA setup start.",P1,Profile still uses password verification for changing email and disabling/enabling sensitive 2FA recovery actions.,2026-06-22
SHARE-001,shared,Sharing,Ticket public share,Agent/Client,As an authorized user I want to share ticket information safely when enabled.,"Ticket share links use scoped tokens, respect permissions and do not expose unrelated tenant/customer data.",pages/ticket-share.php,pages/ticket-share.php; includes/ticket-share-functions.php; includes/modules/tickets/ticket-share-state.php,tests/ticket-share-state-contract-test.php; tests/security-boundary-contract-test.php,retested_pass,retested_pass,,,"Retested by ticket share state contract and security boundary contract.",P1,Retest expiry/revocation if implemented.,2026-06-22
INSTALL-001,self-hosted,Self-hosted,Installer,Admin,As a self-hosted admin I want a safe guided install on PHP hosting.,Installer creates config/schema/admin user and force reinstall requires token guard.,install.php,install.php; includes/schema.sql,tests/e2e/00-install-smoke.spec.js; tests/e2e/02-admin-security.spec.js; tests/security-debt-contract-test.php,retested_pass,retested_pass,Installer smoke was implicit in E2E setup but not tracked as a standalone feature proof.,Added explicit self-hosted installer E2E verifying config.php schema seed settings admin account installed redirect and locked force reinstall.,Retested by self-hosted Playwright installer smoke on clean Docker runtime plus security boundary contract.,P0,Not part of SaaS customer workspace.,2026-06-22
UPGRADE-001,self-hosted,Self-hosted,Updater and public release channel,Admin,"As a self-hosted admin I want safe update checks, backup and rollback.","Updater checks public package, verifies access/CSRF, creates backup, applies update and supports rollback smoke.",upgrade.php; update APIs; settings system tab,upgrade.php; includes/update-functions.php; includes/api/update-api.php,tests/e2e/03-update-report.spec.js; tests/settings-update-contract-test.php,retested_pass,retested_pass,Upgrade smoke exposed a MariaDB runtime fatal from parameterized SHOW COLUMNS in upgrade.php; the same unsafe fallback existed in ticket API column detection.,"Fixed upgrade.php to use column_exists() for api_tokens column checks, fixed ticket API fallback SQL, and added runtime E2E for applying a ZIP update package with backup evidence and rollback cleanup.",Retested by self-hosted Playwright update/report suite settings update contracts security boundary full PHP lint and grep scan for SHOW COLUMNS placeholders.,P0,SaaS production uses managed deploy instead.,2026-06-22
SECURITY-001,shared + saas overlay,Security,Permissions and tenant boundary,User/Admin/Operator,As any user I must only see and mutate data I am allowed to access.,Permission checks enforce role/org/tenant boundaries; SaaS tenant-owned writes require tenant scope; platform-only queries stay explicit.,all protected pages/API,includes/ticket-access-functions.php; includes/security-helpers.php; includes/tenant-functions.php; includes/database.php,tests/security-boundary-contract-test.php; tests/tenant-mutation-boundary-contract-test.php; tests/e2e/04-permissions.spec.js,retested_pass,retested_pass,,,"Retested by security boundary contract, tenant mutation boundary contract, admin/security Playwright suite, and permissions Playwright suite.",P0,Completion requires both contract tests and adversarial E2E after major refactors.,2026-06-22
VISUAL-001,shared,Visual system,App shell and visual consistency,User,As a user I want all core screens to feel like one compact modern product.,"Shared app shell, tokens, headings, cards, buttons, search and admin surfaces use consistent spacing and avoid duplicate nav or broken layouts.",header/sidebar/admin pages/ticket detail/reports,includes/header.php; pages/admin/settings.php; theme.css; includes/components/*; docs/visual-style-baseline.json,tests/visual-qa-contract-test.php; tests/app-shell-visual-contract-test.php; tests/csp-ui-baseline.test.js; tests/smoke/visual-qa.js,retested_pass,retested_pass,"Observed visual failures: duplicate admin navigation, search icon/text overlap, inconsistent right ticket panel and uneven app-shell density.","Fixed: browser DOM QA confirmed settings has one local settings tab set, no duplicate admin nav, safe header search padding, and no desktop overflow; mobile Email settings button row now stacks/wraps so it no longer causes horizontal overflow.","Retested: browser DOM visual QA, npm run visual:qa desktop/mobile screenshots, visual QA contract, app-shell visual contract, admin UI contract, PHP lint, and local smoke passed.",P0,Latest visual evidence: /var/folders/4b/n0hg_kb51k1dp861px2fmpb00000gn/T/foxdesk-visual-qa-r8ljNn,2026-06-21
